-- Seeding script generated by server/seed.ts
PRAGMA foreign_keys = ON;
DELETE FROM placement_attempts;
DELETE FROM deadlines;
DELETE FROM attendance;
DELETE FROM tasks;
DELETE FROM users;
INSERT INTO users (id, email, password_hash, name, role, branch, semester, attendance_target, academic_goals) VALUES ('usr-stud-1', 'aaron@campusflow.edu', '$2b$10$jOuXJyhWcjT3tF8aUBhH5OfwCf5yjAc0MbD17XsJewO2KqwYMRSZ.', 'Aaron Jibz', 'student', 'CSE', 6, 75.0, '["Maintain 8.5+ CGPA","Prepare for Placements","Publish Research Paper"]');
INSERT INTO users (id, email, password_hash, name, role, branch, semester, attendance_target, academic_goals) VALUES ('usr-stud-2', 'emily@campusflow.edu', '$2b$10$jrGKqkU3l3c2rXV9RRou4uDSeUryxR0fTsYonar2mtD0R4oZWy1e.', 'Emily Watson', 'student', 'ECE', 4, 75.0, '["Maintain 8.5+ CGPA","Prepare for Placements","Publish Research Paper"]');
INSERT INTO users (id, email, password_hash, name, role, branch, semester, attendance_target, academic_goals) VALUES ('usr-stud-3', 'raj@campusflow.edu', '$2b$10$hZBKbSqDNk1bhiaUZBKs.OfGkqrwohTFbeN5ORLCErpgU.wpO7t5W', 'Raj Patel', 'student', 'ME', 8, 75.0, '["Maintain 8.5+ CGPA","Prepare for Placements","Publish Research Paper"]');
INSERT INTO users (id, email, password_hash, name, role, branch, semester, attendance_target, academic_goals) VALUES ('usr-stud-4', 'sofia@campusflow.edu', '$2b$10$LYD3lSj5To1mwcSnIVCcpufBjU2lFfC.BCIOC7Xy4/OScyy3J5Bum', 'Sofia Rodriguez', 'student', 'EE', 2, 75.0, '["Maintain 8.5+ CGPA","Prepare for Placements","Publish Research Paper"]');
INSERT INTO users (id, email, password_hash, name, role, branch, semester, attendance_target, academic_goals) VALUES ('usr-stud-5', 'liam@campusflow.edu', '$2b$10$CW/3HTkP7urJT73jOO1eh.VetKEtnC0OW2kui/cNv/0spGiXRclvu', 'Liam Chen', 'student', 'CSE', 6, 75.0, '["Maintain 8.5+ CGPA","Prepare for Placements","Publish Research Paper"]');
INSERT INTO attendance (id, user_id, subject_name, attended, total, target_percentage) VALUES ('att-1', 'usr-stud-1', 'Data Structures & Algorithms', 24, 30, 75.0);
INSERT INTO attendance (id, user_id, subject_name, attended, total, target_percentage) VALUES ('att-2', 'usr-stud-1', 'Database Management Systems', 18, 20, 75.0);
INSERT INTO attendance (id, user_id, subject_name, attended, total, target_percentage) VALUES ('att-3', 'usr-stud-1', 'Operating Systems', 12, 20, 75.0);
INSERT INTO attendance (id, user_id, subject_name, attended, total, target_percentage) VALUES ('att-4', 'usr-stud-2', 'Signals & Systems', 15, 22, 75.0);
INSERT INTO attendance (id, user_id, subject_name, attended, total, target_percentage) VALUES ('att-5', 'usr-stud-2', 'Microprocessors', 20, 20, 75.0);
INSERT INTO attendance (id, user_id, subject_name, attended, total, target_percentage) VALUES ('att-6', 'usr-stud-3', 'Thermodynamics', 16, 25, 75.0);
INSERT INTO attendance (id, user_id, subject_name, attended, total, target_percentage) VALUES ('att-7', 'usr-stud-3', 'Fluid Mechanics', 22, 24, 75.0);
INSERT INTO attendance (id, user_id, subject_name, attended, total, target_percentage) VALUES ('att-8', 'usr-stud-4', 'Basic Electrical Eng', 18, 28, 75.0);
INSERT INTO attendance (id, user_id, subject_name, attended, total, target_percentage) VALUES ('att-9', 'usr-stud-5', 'Compiler Design', 25, 30, 75.0);
INSERT INTO attendance (id, user_id, subject_name, attended, total, target_percentage) VALUES ('att-10', 'usr-stud-5', 'Computer Networks', 14, 22, 75.0);
INSERT INTO deadlines (id, user_id, title, description, due_date, status) VALUES ('dl-1', 'usr-stud-1', 'DSA Assignment 3', 'Binary search trees and AVL trees', '2026-07-02', 'pending');
INSERT INTO deadlines (id, user_id, title, description, due_date, status) VALUES ('dl-2', 'usr-stud-1', 'DBMS Course Project', 'Final project report submission', '2026-07-10', 'pending');
INSERT INTO deadlines (id, user_id, title, description, due_date, status) VALUES ('dl-3', 'usr-stud-2', 'Signals Lab Report', 'Fourier transform lab exercises', '2026-06-30', 'pending');
INSERT INTO deadlines (id, user_id, title, description, due_date, status) VALUES ('dl-4', 'usr-stud-2', 'Microprocessors Quiz', 'Chapter 1 to 4 multi-choice quiz', '2026-07-05', 'pending');
INSERT INTO deadlines (id, user_id, title, description, due_date, status) VALUES ('dl-5', 'usr-stud-3', 'CAD Modeling Submission', 'Gearbox 3D model project', '2026-07-15', 'pending');
INSERT INTO deadlines (id, user_id, title, description, due_date, status) VALUES ('dl-6', 'usr-stud-3', 'Fluid Dynamics Quiz', 'Bernoullis theorem concepts test', '2026-06-29', 'pending');
INSERT INTO deadlines (id, user_id, title, description, due_date, status) VALUES ('dl-7', 'usr-stud-4', 'Electrical Circuit Lab', 'Kirchoffs laws experiments file', '2026-07-01', 'pending');
INSERT INTO deadlines (id, user_id, title, description, due_date, status) VALUES ('dl-8', 'usr-stud-5', 'Compiler Design Lab', 'Lexical analyzer flex program', '2026-07-03', 'pending');
INSERT INTO deadlines (id, user_id, title, description, due_date, status) VALUES ('dl-9', 'usr-stud-5', 'CN Quiz 2', 'IP addressing & routing protocols', '2026-07-08', 'pending');
INSERT INTO deadlines (id, user_id, title, description, due_date, status) VALUES ('dl-10', 'usr-stud-1', 'OS Lab Examination', 'Process synchronization code test', '2026-07-12', 'pending');